buildings,production_method_groups,production_methods,type,required_construction,ammunition,small_arms,artillery,tanks,aeroplanes,manowars,ironclads,grain,fish,fabric,wood,groceries,clothes,furniture,paper,services,transportation,electricity,merchant_marine,clippers,steamers,silk,dye,sulfur,coal,iron,lead,hardwood,rubber,oil,engines,steel,glass,fertilizer,tools,explosives,porcelain,meat,fruit,liquor,wine,tea,coffee,sugar,tobacco,opium,automobiles,telephones,radios,luxury_clothes,luxury_furniture,gold,fine_art
building_food_industry,pmg_base_building_food_industry,pm_bakery,upgrade,construction_cost_high,,,,,,,,-40,,,,45,,,,,,,,,,,,,,,,,,,,,,,,,,,,,,,,,,,,,,,,,
building_food_industry,pmg_base_building_food_industry,pm_sweeteners,upgrade,construction_cost_high,,,,,,,,-40,,,,65,,,,,,,,,,,,,,,,,,,,,,,,,,,,,,,,-15,,,,,,,,,
building_food_industry,pmg_base_building_food_industry,pm_baking_powder,upgrade,construction_cost_high,,,,,,,,-80,,,,120,,,,,,,,,,,,,,,,,,,,,,,,,,,,,,,,-30,,,,,,,,,
building_food_industry,pmg_canning,pm_disabled_canning,upgrade,construction_cost_high,,,,,,,,,,,,,,,,,,,,,,,,,,,,,,,,,,,,,,,,,,,,,,,,,,,,,
building_food_industry,pmg_canning,pm_cannery,upgrade,construction_cost_high,,,,,,,,20,,,,30,,,,,,,,,,,,,,-10,,,,,,,,,,,,-20,,,,,,,,,,,,,,,
building_food_industry,pmg_canning,pm_cannery_fish,upgrade,construction_cost_high,,,,,,,,20,-30,,,30,,,,,,,,,,,,,,-10,,,,,,,,,,,,,,,,,,,,,,,,,,,
building_food_industry,pmg_canning,pm_vacuum_canning,upgrade,construction_cost_high,,,,,,,,30,-30,,,60,,,,,,,,,,,,,,-10,,,,-5,,,,,,,,-20,,,,,,,,,,,,,,,
building_food_industry,pmg_canning,pm_vacuum_canning_principle_3,upgrade,construction_cost_high,,,,,,,,30,-30,,,70,,,,,,,,,,,,,,-10,,,,-5,,,,,,,,-20,,,,,,,,,,,,,,,
building_food_industry,pmg_distillery,pm_disabled_distillery,balance,construction_cost_high,,,,,,,,,,,,,,,,,,,,,,,,,,,,,,,,,,,,,,,,,,,,,,,,,,,,,
building_food_industry,pmg_distillery,pm_pot_stills,balance,construction_cost_high,,,,,,,,,,,,-30,,,,,,,,,,,,,,,,,,,,,,,,,,,,60,,,,-25,,,,,,,,,
building_food_industry,pmg_distillery,pm_patent_stills,balance,construction_cost_high,,,,,,,,,,,,-40,,,,,,,,,,,,,,,,,,,,,-10,,,,,,,100,,,,-25,,,,,,,,,
building_textile_mill,pmg_base_building_textile_mill,pm_handsewn_clothes,upgrade,construction_cost_high,,,,,,,,,,-40,,,45,,,,,,,,,,,,,,,,,,,,,,,,,,,,,,,,,,,,,,,,
building_textile_mill,pmg_base_building_textile_mill,pm_dye_workshops,upgrade,construction_cost_high,,,,,,,,,,-40,,,60,,,,,,,,,,-5,,,,,,,,,,,,,,,,,,,,,,,,,,,,,,
building_textile_mill,pmg_base_building_textile_mill,pm_sewing_machines,upgrade,construction_cost_high,,,,,,,,,,-60,,,100,,,,,,,,,,-10,,,,,,,,,,,,-5,,,,,,,,,,,,,,,,,,
building_textile_mill,pmg_base_building_textile_mill,pm_electric_sewing_machines,upgrade,construction_cost_high,,,,,,,,,,-60,,,140,,,,,-10,,,,,-20,,,,,,,,,,,,-10,,,,,,,,,,,,,,,,,,
building_textile_mill,pmg_luxury_building_textile_mill,pm_no_luxury_clothes,balance,construction_cost_high,,,,,,,,,,,,,,,,,,,,,,,,,,,,,,,,,,,,,,,,,,,,,,,,,,,,,
building_textile_mill,pmg_luxury_building_textile_mill,pm_craftsman_sewing,balance,construction_cost_high,,,,,,,,,,15,,,-30,,,,,,,,,-15,,,,,,,,,,,,,,,,,,,,,,,,,,,,30,,,
building_textile_mill,pmg_luxury_building_textile_mill,pm_elastics,balance,construction_cost_high,,,,,,,,,,35,,,-70,,,,,,,,,-35,,,,,,,-10,,,,,,,,,,,,,,,,,,,,,70,,,
building_furniture_manufactory,pmg_base_building_furniture_manufactory,pm_handcrafted_furniture,upgrade,construction_cost_high,,,,,,,,,,-10,-30,,,45,,,,,,,,,,,,,,,,,,,,,,,,,,,,,,,,,,,,,,,
building_furniture_manufactory,pmg_base_building_furniture_manufactory,pm_lathe,upgrade,construction_cost_high,,,,,,,,,,-10,-30,,,65,,,,,,,,,,,,,,,,,,,,,-5,,,,,,,,,,,,,,,,,,
building_furniture_manufactory,pmg_base_building_furniture_manufactory,pm_mechanized_workshops,upgrade,construction_cost_high,,,,,,,,,,-10,-50,,,110,,,,,,,,,,,,,,,,,,,,,-10,,,,,,,,,,,,,,,,,,
building_furniture_manufactory,pmg_luxury_building_furniture_manufactory,pm_no_luxuries,balance,construction_cost_high,,,,,,,,,,,,,,,,,,,,,,,,,,,,,,,,,,,,,,,,,,,,,,,,,,,,,
building_furniture_manufactory,pmg_luxury_building_furniture_manufactory,pm_luxury_furniture,balance,construction_cost_high,,,,,,,,,,,15,,,-25,,,,,,,,,,,,,,-15,,,,,,,,,,,,,,,,,,,,,,,25,,
building_furniture_manufactory,pmg_luxury_building_furniture_manufactory,pm_precision_tools,balance,construction_cost_high,,,,,,,,,,,25,,,-55,,,,,,,,,,,,,,-25,,,,,,,-10,,,,,,,,,,,,,,,,55,,
building_glassworks,pmg_base_building_glassworks,pm_forest_glass,upgrade,construction_cost_high,,,,,,,,,,,-30,,,,,,,,,,,,,,,,,,,,,,30,,,,,,,,,,,,,,,,,,,,
building_glassworks,pmg_base_building_glassworks,pm_leaded_glass,upgrade,construction_cost_high,,,,,,,,,,,-20,,,,,,,,,,,,,,,,-10,,,,,,40,,,,,,,,,,,,,,,,,,,,
building_glassworks,pmg_base_building_glassworks,pm_crystal_glass,upgrade,construction_cost_high,,,,,,,,,,,,,,,,,,,,,,,,,,,-35,,,,,,60,,,,,,,,,,,,,,,,,,,,
building_glassworks,pmg_base_building_glassworks,pm_houseware_plastics,upgrade,construction_cost_high,,,,,,,,,,,,,,,,,,,,,,,,,,,-30,,,-20,,,100,,,,,,,,,,,,,,,,,,,,
building_glassworks,pmg_luxury_building_glassworks,pm_disabled_ceramics,balance,construction_cost_high,,,,,,,,,,,,,,,,,,,,,,,,,,,,,,,,,,,,,,,,,,,,,,,,,,,,,
building_glassworks,pmg_luxury_building_glassworks,pm_ceramics,balance,construction_cost_high,,,,,,,,,,,,,,,,,,,,,,,-5,,,,,,,,,,-10,,,,10,,,,,,,,,,,,,,,,
building_glassworks,pmg_luxury_building_glassworks,pm_bone_china,balance,construction_cost_high,,,,,,,,,,,,,,,,,,,,,,,-10,,,,,,,,,,-20,,,,30,,,,,,,,,,,,,,,,
building_tooling_workshop,pmg_base_building_tooling_workshop,pm_crude_tools,upgrade,construction_cost_high,,,,,,,,,,,-30,,,,,,,,,,,,,,,,,,,,,,,,30,,,,,,,,,,,,,,,,,,
building_tooling_workshop,pmg_base_building_tooling_workshop,pm_pig_iron,upgrade,construction_cost_high,,,,,,,,,,,-30,,,,,,,,,,,,,,,-20,,,,,,,,,60,,,,,,,,,,,,,,,,,,
building_tooling_workshop,pmg_base_building_tooling_workshop,pm_steel,upgrade,construction_cost_high,,,,,,,,,,,-30,,,,,,,,,,,,,,,,,,,,,-20,,,80,,,,,,,,,,,,,,,,,,
building_tooling_workshop,pmg_base_building_tooling_workshop,pm_rubber_grips,upgrade,construction_cost_high,,,,,,,,,,,,,,,,,,,,,,,,,,,,,-10,,,-30,,,110,,,,,,,,,,,,,,,,,,
building_paper_mill,pmg_base_building_paper_mill,pm_pulp_pressing,upgrade,construction_cost_high,,,,,,,,,,,-30,,,,40,,,,,,,,,,,,,,,,,,,,,,,,,,,,,,,,,,,,,,
building_paper_mill,pmg_base_building_paper_mill,pm_sulfite_pulping,upgrade,construction_cost_high,,,,,,,,,,,-30,,,,70,,,,,,,,,-10,,,,,,,,,,,,,,,,,,,,,,,,,,,,,
building_paper_mill,pmg_base_building_paper_mill,pm_bleached_paper,upgrade,construction_cost_high,,,,,,,,,,,-30,,,,100,,,,,,,,-10,-10,,,,,,,,,,,,,,,,,,,,,,,,,,,,,
building_chemical_plant,pmg_fertilizer_production,pm_artificial_fertilizers,upgrade,construction_cost_very_high,,,,,,,,,,,,,,,,,,,,,,,,-30,,-10,,,,,,,,90,,,,,,,,,,,,,,,,,,,
building_chemical_plant,pmg_fertilizer_production,pm_improved_fertilizer,upgrade,construction_cost_very_high,,,,,,,,,,,,,,,,,,,,,,,,-30,,-30,,,,,,,,140,,,,,,,,,,,,,,,,,,,
building_chemical_plant,pmg_fertilizer_production,pm_nitrogen_fixation,upgrade,construction_cost_very_high,,,,,,,,,,,,,,,,,,,,,,,,-40,,-30,,,,-20,,,,200,,,,,,,,,,,,,,,,,,,
building_explosives_factory,pmg_explosives_building_chemical_plant,pm_leblanc_process,upgrade,construction_cost_very_high,,,,,,,,,,,,,,,,,,,,,,,,-20,,,,,,,,,,-20,,50,,,,,,,,,,,,,,,,,
building_explosives_factory,pmg_explosives_building_chemical_plant,pm_ammonia-soda_process,upgrade,construction_cost_very_high,,,,,,,,,,,,,,,-10,,,,,,,,,-30,,,,,,,,,,-30,,80,,,,,,,,,,,,,,,,,
building_explosives_factory,pmg_explosives_building_chemical_plant,pm_vacuum_evaporation,upgrade,construction_cost_very_high,,,,,,,,,,,,,,,-20,,,,,,,,,-40,,,,,,,,,,-40,,110,,,,,,,,,,,,,,,,,
building_explosives_factory,pmg_explosives_building_chemical_plant,pm_brine_electrolysis,upgrade,construction_cost_very_high,,,,,,,,,,,,,,,-30,,,-20,,,,,,-40,,,,,,,,,,-50,,150,,,,,,,,,,,,,,,,,
building_synthetics_plant,pmg_synthetic_silk,pm_no_artificial_fibers,balance,construction_cost_very_high,,,,,,,,,,,,,,,,,,,,,,,,,,,,,,,,,,,,,,,,,,,,,,,,,,,,,
building_synthetics_plant,pmg_synthetic_silk,pm_rayon,balance,construction_cost_very_high,,,,,,,,,,,-10,,,,,,,,,,,30,-10,,,,,,,,,,,,,,,,,,,,,,,,,,,,,,
building_steel_mill,pmg_steelmaking_process,pm_blister_steel_process,upgrade,construction_cost_very_high,,,,,,,,,,,,,,,,,,,,,,,,,-30,-40,,,,,,65,,,,,,,,,,,,,,,,,,,,,
building_steel_mill,pmg_steelmaking_process,pm_bessemer_process,upgrade,construction_cost_very_high,,,,,,,,,,,,,,,,,,,,,,,,,-30,-60,,,,,,90,,,,,,,,,,,,,,,,,,,,,
building_steel_mill,pmg_steelmaking_process,pm_open_hearth_process,upgrade,construction_cost_very_high,,,,,,,,,,,,,,,,,,,,,,,,,-30,-90,,,,,,120,,,,,,,,,,,,,,,,,,,,,
building_steel_mill,pmg_steelmaking_process,pm_electric_arc_process,upgrade,construction_cost_very_high,,,,,,,,,,,,,,,,,,-30,,,,,,,-30,-100,,,,,,150,,,,,,,,,,,,,,,,,,,,,
building_motor_industry,pmg_base_building_motor_industry,pm_steam_engines,upgrade,construction_cost_very_high,,,,,,,,,,,,,,,,,,,,,,,,,,,,,,,40,-30,,,,,,,,,,,,,,,,,,,,,
building_motor_industry,pmg_base_building_motor_industry,pm_electric_engines,upgrade,construction_cost_very_high,,,,,,,,,,,,,,,,,,-30,,,,,,,,,,,,,80,-40,,,,,,,,,,,,,,,,,,,,,
building_motor_industry,pmg_base_building_motor_industry,pm_diesel_engines,upgrade,construction_cost_very_high,,,,,,,,,,,,,,,,,,,,,,,,,,,,,,-50,120,-50,,,,,,,,,,,,,,,,,,,,,
building_shipyard,pmg_base_building_shipyard,pm_basic_shipbuilding,upgrade,construction_cost_high,,,,,,,,,,-20,-40,,,,,,,,,35,,,,,,,,,,,,,,,,,,,,,,,,,,,,,,,,,
building_shipyard,pmg_base_building_shipyard,pm_complex_shipbuilding,upgrade,construction_cost_high,,,,,,,,,,-20,-20,,,,,,,,,70,,,,,,,,-20,,,-5,,,,,,,,,,,,,,,,,,,,,,
building_shipyard,pmg_base_building_shipyard,pm_metal_shipbuilding,upgrade,construction_cost_high,,,,,,,,,,,,,,,,,,,,,65,,,,-10,,,,,,-10,-30,,,,,,,,,,,,,,,,,,,,,
building_shipyard,pmg_base_building_shipyard,pm_arc_welding_shipbuilding,upgrade,construction_cost_high,,,,,,,,,,,,,,,,,,-30,,,80,,,,,,,,,,-10,-30,,,,,,,,,,,,,,,,,,,,,
building_automotive_industry,pmg_automobile_production,pm_automobile_production,upgrade,construction_cost_very_high,,,,,,,,,,,,,,,,,,,,,,,,,,,,,-5,-5,-10,,,,,,,,,,,,,,,,30,,,,,,
building_automotive_industry,pmg_automobile_production,pm_mass_automobile_production,upgrade,construction_cost_very_high,,,,,,,,,,,,,,,,,,,,,,,,,,,,,-10,-10,-10,,,,,,,,,,,,,,,,50,,,,,,
building_automotive_industry,pmg_aeroplanes,pm_no_aeroplane_production,balance,construction_cost_very_high,,,,,,,,,,,,,,,,,,,,,,,,,,,,,,,,,,,,,,,,,,,,,,,,,,,,,
building_automotive_industry,pmg_aeroplanes,pm_aeroplane_production,balance,construction_cost_very_high,,,,,10,,,,,-4,,,,,,,,,,,,,,,,,,-4,,,,,,,,,,,,,,,,,,,-10,,,,,,
building_automotive_industry,pmg_tanks,pm_no_tank_production,balance,construction_cost_very_high,,,,,,,,,,,,,,,,,,,,,,,,,,,,,,,,,,,,,,,,,,,,,,,,,,,,,
building_automotive_industry,pmg_tanks,pm_tank_production,balance,construction_cost_very_high,,,,20,,,,,,,,,,,,,,,,,,,,,,,,,,,,-5,,,,,,,,,,,,,,,-20,,,,,,
building_electrics_industry,pmg_radios_category,pm_no_radios,balance,construction_cost_very_high,,,,,,,,,,,,,,,,,,,,,,,,,,,,,,,,,,,,,,,,,,,,,,,,,,,,,
building_electrics_industry,pmg_radios_category,pm_radios,balance,construction_cost_very_high,,,,,,,,,,,,,,,,,,-50,,,,,,,,,,,,,,,,,,,,,,,,,,,,,,-20,40,,,,
building_rye_farm,pmg_base_building_rye_farm,pm_simple_farming,upgrade,construction_cost_low,,,,,,,,20,,,,,,,,,,,,,,,,,,,,,,,,,,,,,,,,,,,,,,,,,,,,,
building_rye_farm,pmg_base_building_rye_farm,pm_soil_enriching_farming,upgrade,construction_cost_low,,,,,,,,30,,,,,,,,,,,,,,,,,,,,,,,,,,-5,,,,,,,,,,,,,,,,,,,
building_rye_farm,pmg_base_building_rye_farm,pm_fertilization,upgrade,construction_cost_low,,,,,,,,45,,,,,,,,,,,,,,,,,,,,,,,,,,-10,,,,,,,,,,,,,,,,,,,
building_rye_farm,pmg_base_building_rye_farm,pm_chemical_fertilizer,upgrade,construction_cost_low,,,,,,,,60,,,,,,,,,,,,,,,,,,,,,,,,,,-15,,,,,,,,,,,,,,,,,,,
building_rye_farm,pmg_secondary_building_rye_farm,pm_no_secondary,balance,construction_cost_low,,,,,,,,,,,,,,,,,,,,,,,,,,,,,,,,,,,,,,,,,,,,,,,,,,,,,
building_rye_farm,pmg_secondary_building_rye_farm,pm_potatoes,balance,construction_cost_low,,,,,,,,-10,,,,,,,,,,,,,,,,,,,,,,,,,,,,,,,,10,,,,,,,,,,,,,
building_rye_farm,pmg_secondary_building_rye_farm,pm_apple_orchards,balance,construction_cost_low,,,,,,,,-8,,,,,,,,,,,,,,,,,,,,,,,,,,,,,,,7,,,,,1,,,,,,,,,
building_rye_farm,pmg_secondary_building_rye_farm,pm_sugar_beets,balance,construction_cost_low,,,,,,,,-5,,,,,,,,,,,,,,,,,,,,,,,,,,,,,,,,,,,,4,,,,,,,,,
building_wheat_farm,pmg_base_building_wheat_farm,pm_simple_farming,upgrade,construction_cost_low,,,,,,,,20,,,,,,,,,,,,,,,,,,,,,,,,,,,,,,,,,,,,,,,,,,,,,
building_wheat_farm,pmg_base_building_wheat_farm,pm_soil_enriching_farming,upgrade,construction_cost_low,,,,,,,,30,,,,,,,,,,,,,,,,,,,,,,,,,,-5,,,,,,,,,,,,,,,,,,,
building_wheat_farm,pmg_base_building_wheat_farm,pm_fertilization,upgrade,construction_cost_low,,,,,,,,45,,,,,,,,,,,,,,,,,,,,,,,,,,-10,,,,,,,,,,,,,,,,,,,
building_wheat_farm,pmg_base_building_wheat_farm,pm_chemical_fertilizer,upgrade,construction_cost_low,,,,,,,,60,,,,,,,,,,,,,,,,,,,,,,,,,,-15,,,,,,,,,,,,,,,,,,,
building_wheat_farm,pmg_secondary_building_wheat_farm,pm_no_secondary,balance,construction_cost_low,,,,,,,,,,,,,,,,,,,,,,,,,,,,,,,,,,,,,,,,,,,,,,,,,,,,,
building_wheat_farm,pmg_secondary_building_wheat_farm,pm_citrus_orchards,balance,construction_cost_low,,,,,,,,-8,,,,,,,,,,,,,,,,,,,,,,,,,,,,,,,7,,,,,1,,,,,,,,,
building_wheat_farm,pmg_secondary_building_wheat_farm,pm_sugar_beets,balance,construction_cost_low,,,,,,,,-5,,,,,,,,,,,,,,,,,,,,,,,,,,,,,,,,,,,,4,,,,,,,,,
building_rice_farm,pmg_base_building_rice_farm,pm_simple_farming_building_rice_farm,upgrade,construction_cost_low,,,,,,,,35,,,,,,,,,,,,,,,,,,,,,,,,,,,,,,,,,,,,,,,,,,,,,
building_rice_farm,pmg_base_building_rice_farm,pm_soil_enriching_farming_building_rice_farm,upgrade,construction_cost_low,,,,,,,,50,,,,,,,,,,,,,,,,,,,,,,,,,,-10,,,,,,,,,,,,,,,,,,,
building_rice_farm,pmg_base_building_rice_farm,pm_fertilization_building_rice_farm,upgrade,construction_cost_low,,,,,,,,75,,,,,,,,,,,,,,,,,,,,,,,,,,-20,,,,,,,,,,,,,,,,,,,
building_rice_farm,pmg_base_building_rice_farm,pm_chemical_fertilizer_building_rice_farm,upgrade,construction_cost_low,,,,,,,,100,,,,,,,,,,,,,,,,,,,,,,,,,,-30,,,,,,,,,,,,,,,,,,,
building_rice_farm,pmg_secondary_building_rice_farm,pm_no_secondary,balance,construction_cost_low,,,,,,,,,,,,,,,,,,,,,,,,,,,,,,,,,,,,,,,,,,,,,,,,,,,,,
building_rice_farm,pmg_secondary_building_rice_farm,pm_fig_orchards_building_rice_farm,balance,construction_cost_low,,,,,,,,-20,,,,,,,,,,,,,,,,,,,,,,,,,,,,,,,15,,,,,2,,,,,,,,,
building_maize_farm,pmg_base_building_maize_farm,pm_simple_farming,upgrade,construction_cost_low,,,,,,,,20,,,,,,,,,,,,,,,,,,,,,,,,,,,,,,,,,,,,,,,,,,,,,
building_maize_farm,pmg_base_building_maize_farm,pm_soil_enriching_farming,upgrade,construction_cost_low,,,,,,,,30,,,,,,,,,,,,,,,,,,,,,,,,,,-5,,,,,,,,,,,,,,,,,,,
building_maize_farm,pmg_base_building_maize_farm,pm_fertilization,upgrade,construction_cost_low,,,,,,,,45,,,,,,,,,,,,,,,,,,,,,,,,,,-10,,,,,,,,,,,,,,,,,,,
building_maize_farm,pmg_base_building_maize_farm,pm_chemical_fertilizer,upgrade,construction_cost_low,,,,,,,,60,,,,,,,,,,,,,,,,,,,,,,,,,,-15,,,,,,,,,,,,,,,,,,,
building_maize_farm,pmg_secondary_building_maize_farm,pm_no_secondary,balance,construction_cost_low,,,,,,,,,,,,,,,,,,,,,,,,,,,,,,,,,,,,,,,,,,,,,,,,,,,,,
building_maize_farm,pmg_secondary_building_maize_farm,pm_citrus_orchards,balance,construction_cost_low,,,,,,,,-8,,,,,,,,,,,,,,,,,,,,,,,,,,,,,,,7,,,,,1,,,,,,,,,
building_millet_farm,pmg_base_building_millet_farm,pm_simple_farming,upgrade,construction_cost_low,,,,,,,,20,,,,,,,,,,,,,,,,,,,,,,,,,,,,,,,,,,,,,,,,,,,,,
building_millet_farm,pmg_base_building_millet_farm,pm_soil_enriching_farming,upgrade,construction_cost_low,,,,,,,,30,,,,,,,,,,,,,,,,,,,,,,,,,,-5,,,,,,,,,,,,,,,,,,,
building_millet_farm,pmg_base_building_millet_farm,pm_fertilization,upgrade,construction_cost_low,,,,,,,,45,,,,,,,,,,,,,,,,,,,,,,,,,,-10,,,,,,,,,,,,,,,,,,,
building_millet_farm,pmg_base_building_millet_farm,pm_chemical_fertilizer,upgrade,construction_cost_low,,,,,,,,60,,,,,,,,,,,,,,,,,,,,,,,,,,-15,,,,,,,,,,,,,,,,,,,
building_millet_farm,pmg_secondary_building_millet_farm,pm_no_secondary,balance,construction_cost_low,,,,,,,,,,,,,,,,,,,,,,,,,,,,,,,,,,,,,,,,,,,,,,,,,,,,,
building_millet_farm,pmg_secondary_building_millet_farm,pm_fig_orchards,balance,construction_cost_low,,,,,,,,-8,,,,,,,,,,,,,,,,,,,,,,,,,,,,,,,7,,,,,1,,,,,,,,,
building_livestock_ranch,pmg_base_building_livestock_ranch,pm_open_air_stockyards,upgrade,construction_cost_low,,,,,,,,,,,,,,,,,,,,,,,,,,,,,,,,,,,,,,10,,,,,,,,,,,,,,,
building_livestock_ranch,pmg_base_building_livestock_ranch,pm_butchering_tools,upgrade,construction_cost_low,,,,,,,,,,,,,,,,,,,,,,,,,,,,,,,,,,,-2,,,15,,,,,,,,,,,,,,,
building_livestock_ranch,pmg_base_building_livestock_ranch,pm_slaughterhouses,upgrade,construction_cost_low,,,,,,,,,,,,,,,,,,,,,,,,,,,,,,,,,,,-5,,,25,,,,,,,,,,,,,,,
building_livestock_ranch,pmg_base_building_livestock_ranch,pm_mechanized_slaughtering,upgrade,construction_cost_low,,,,,,,,,,,,,,,,,,,,,,,,,-5,,,,,,,,,,-5,,,35,,,,,,,,,,,,,,,
building_livestock_ranch,pmg_sheep_ranch,pm_simple_ranch,upgrade,construction_cost_low,,,,,,,,,,5,,,,,,,,,,,,,,,,,,,,,,,,,,,,,,,,,,,,,,,,,,,
building_livestock_ranch,pmg_sheep_ranch,pm_sheep_farms,upgrade,construction_cost_low,,,,,,,,-10,,15,,,,,,,,,,,,,,,,,,,,,,,,2,,,,,,,,,,,,,,,,,,,
building_livestock_ranch,pmg_sheep_ranch,pm_intensive_grazing_ranch,upgrade,construction_cost_low,,,,,,,,-15,,25,,,,,,,,,,,,,,,,,,,,,,,,5,,,,,,,,,,,,,,,,,,,
building_vineyard,pmg_base_building_vineyard,default_building_vineyard,upgrade,construction_cost_low,,,,,,,,,,,,,,,,,,,,,,,,,,,,,,,,,,,,,,,,,20,,,,,,,,,,,,
building_vineyard,pmg_base_building_vineyard,automatic_irrigation_building_vineyard,upgrade,construction_cost_low,,,,,,,,,,,,,,,,,,,,,,,,,,,,,,,-5,,,,,,,,,,40,,,,,,,,,,,,
building_coal_mine,pmg_mining_equipment_building_coal_mine,pm_picks_and_shovels_building_coal_mine,upgrade,construction_cost_medium,,,,,,,,,,,,,,,,,,,,,,,,,25,,,,,,,,,,-5,,,,,,,,,,,,,,,,,,
building_coal_mine,pmg_mining_equipment_building_coal_mine,pm_atmospheric_engine_pump_building_coal_mine,upgrade,construction_cost_medium,,,,,,,,,,,,,,,,,,,,,,,,,40,,,,,,,,,,-10,,,,,,,,,,,,,,,,,,
building_coal_mine,pmg_mining_equipment_building_coal_mine,pm_condensing_engine_pump_building_coal_mine,upgrade,construction_cost_medium,,,,,,,,,,,,,,,,,,,,,,,,,60,,,,,,,,,,-15,,,,,,,,,,,,,,,,,,
building_coal_mine,pmg_mining_equipment_building_coal_mine,pm_diesel_pump_building_coal_mine,upgrade,construction_cost_medium,,,,,,,,,,,,,,,,,,,,,,,,,90,,,,,-5,,,,,-15,,,,,,,,,,,,,,,,,,
building_coal_mine,pmg_explosives_building_coal_mine,pm_no_explosives,upgrade,construction_cost_medium,,,,,,,,,,,,,,,,,,,,,,,,,,,,,,,,,,,,,,,,,,,,,,,,,,,,,
building_coal_mine,pmg_explosives_building_coal_mine,pm_nitroglycerin_building_coal_mine,upgrade,construction_cost_medium,,,,,,,,,,,,,,,,,,,,,,,,,15,,,,,,,,,,,-5,,,,,,,,,,,,,,,,,
building_coal_mine,pmg_explosives_building_coal_mine,pm_dynamite_building_coal_mine,upgrade,construction_cost_medium,,,,,,,,,,,,,,,,,,,,,,,,,25,,,,,,,,,,,-10,,,,,,,,,,,,,,,,,
building_iron_mine,pmg_mining_equipment_building_iron_mine,pm_picks_and_shovels_building_iron_mine,upgrade,construction_cost_medium,,,,,,,,,,,,,,,,,,,,,,,,,,20,,,,,,,,,-5,,,,,,,,,,,,,,,,,,
building_iron_mine,pmg_mining_equipment_building_iron_mine,pm_atmospheric_engine_pump_building_iron_mine,upgrade,construction_cost_medium,,,,,,,,,,,,,,,,,,,,,,,,,-10,40,,,,,,,,,-10,,,,,,,,,,,,,,,,,,
building_iron_mine,pmg_mining_equipment_building_iron_mine,pm_condensing_engine_pump_building_iron_mine,upgrade,construction_cost_medium,,,,,,,,,,,,,,,,,,,,,,,,,-15,60,,,,,,,,,-15,,,,,,,,,,,,,,,,,,
building_iron_mine,pmg_mining_equipment_building_iron_mine,pm_diesel_pump_building_iron_mine,upgrade,construction_cost_medium,,,,,,,,,,,,,,,,,,,,,,,,,,70,,,,-5,,,,,-15,,,,,,,,,,,,,,,,,,
building_iron_mine,pmg_explosives_building_iron_mine,pm_no_explosives,upgrade,construction_cost_medium,,,,,,,,,,,,,,,,,,,,,,,,,,,,,,,,,,,,,,,,,,,,,,,,,,,,,
building_iron_mine,pmg_explosives_building_iron_mine,pm_nitroglycerin_building_iron_mine,upgrade,construction_cost_medium,,,,,,,,,,,,,,,,,,,,,,,,,,12,,,,,,,,,,-5,,,,,,,,,,,,,,,,,
building_iron_mine,pmg_explosives_building_iron_mine,pm_dynamite_building_iron_mine,upgrade,construction_cost_medium,,,,,,,,,,,,,,,,,,,,,,,,,,20,,,,,,,,,,-10,,,,,,,,,,,,,,,,,
building_lead_mine,pmg_mining_equipment_building_lead_mine,pm_picks_and_shovels_building_lead_mine,upgrade,construction_cost_medium,,,,,,,,,,,,,,,,,,,,,,,,,,,20,,,,,,,,-5,,,,,,,,,,,,,,,,,,
building_lead_mine,pmg_mining_equipment_building_lead_mine,pm_atmospheric_engine_pump_building_lead_mine,upgrade,construction_cost_medium,,,,,,,,,,,,,,,,,,,,,,,,,-10,,40,,,,,,,,-10,,,,,,,,,,,,,,,,,,
building_lead_mine,pmg_mining_equipment_building_lead_mine,pm_condensing_engine_pump_building_lead_mine,upgrade,construction_cost_medium,,,,,,,,,,,,,,,,,,,,,,,,,-15,,60,,,,,,,,-15,,,,,,,,,,,,,,,,,,
building_lead_mine,pmg_mining_equipment_building_lead_mine,pm_diesel_pump_building_lead_mine,upgrade,construction_cost_medium,,,,,,,,,,,,,,,,,,,,,,,,,,,70,,,-5,,,,,-15,,,,,,,,,,,,,,,,,,
building_lead_mine,pmg_explosives_building_lead_mine,pm_no_explosives,upgrade,construction_cost_medium,,,,,,,,,,,,,,,,,,,,,,,,,,,,,,,,,,,,,,,,,,,,,,,,,,,,,
building_lead_mine,pmg_explosives_building_lead_mine,pm_nitroglycerin_building_lead_mine,upgrade,construction_cost_medium,,,,,,,,,,,,,,,,,,,,,,,,,,,12,,,,,,,,,-5,,,,,,,,,,,,,,,,,
building_lead_mine,pmg_explosives_building_lead_mine,pm_dynamite_building_lead_mine,upgrade,construction_cost_medium,,,,,,,,,,,,,,,,,,,,,,,,,,,20,,,,,,,,,-10,,,,,,,,,,,,,,,,,
building_sulfur_mine,pmg_mining_equipment_building_sulfur_mine,pm_picks_and_shovels_building_sulfur_mine,upgrade,construction_cost_medium,,,,,,,,,,,,,,,,,,,,,,,,20,,,,,,,,,,,-5,,,,,,,,,,,,,,,,,,
building_sulfur_mine,pmg_mining_equipment_building_sulfur_mine,pm_atmospheric_engine_pump_building_sulfur_mine,upgrade,construction_cost_medium,,,,,,,,,,,,,,,,,,,,,,,,40,-10,,,,,,,,,,-10,,,,,,,,,,,,,,,,,,
building_sulfur_mine,pmg_mining_equipment_building_sulfur_mine,pm_condensing_engine_pump_building_sulfur_mine,upgrade,construction_cost_medium,,,,,,,,,,,,,,,,,,,,,,,,60,-15,,,,,,,,,,-15,,,,,,,,,,,,,,,,,,
building_sulfur_mine,pmg_mining_equipment_building_sulfur_mine,pm_diesel_pump_building_sulfur_mine,upgrade,construction_cost_medium,,,,,,,,,,,,,,,,,,,,,,,,80,,,,,,-5,,,,,-15,,,,,,,,,,,,,,,,,,
building_sulfur_mine,pmg_explosives_building_sulfur_mine,pm_no_explosives,upgrade,construction_cost_medium,,,,,,,,,,,,,,,,,,,,,,,,,,,,,,,,,,,,,,,,,,,,,,,,,,,,,
building_sulfur_mine,pmg_explosives_building_sulfur_mine,pm_nitroglycerin_building_sulfur_mine,upgrade,construction_cost_medium,,,,,,,,,,,,,,,,,,,,,,,,10,,,,,,,,,,,,-5,,,,,,,,,,,,,,,,,
building_sulfur_mine,pmg_explosives_building_sulfur_mine,pm_dynamite_building_sulfur_mine,upgrade,construction_cost_medium,,,,,,,,,,,,,,,,,,,,,,,,20,,,,,,,,,,,,-10,,,,,,,,,,,,,,,,,
building_gold_mine,pmg_mining_equipment_building_gold_mine,pm_picks_and_shovels_building_gold_mine,upgrade,construction_cost_medium,,,,,,,,,,,,,,,,,,,,,,,,,,,,,,,,,,,-5,,,,,,,,,,,,,,,,,8,
building_gold_mine,pmg_mining_equipment_building_gold_mine,pm_atmospheric_engine_pump_building_gold_mine,upgrade,construction_cost_medium,,,,,,,,,,,,,,,,,,,,,,,,,-10,,,,,,,,,,-10,,,,,,,,,,,,,,,,,15,
building_gold_mine,pmg_mining_equipment_building_gold_mine,pm_condensing_engine_pump_building_gold_mine,upgrade,construction_cost_medium,,,,,,,,,,,,,,,,,,,,,,,,,-15,,,,,,,,,,-15,,,,,,,,,,,,,,,,,25,
building_gold_mine,pmg_mining_equipment_building_gold_mine,pm_diesel_pump_building_gold_mine,upgrade,construction_cost_medium,,,,,,,,,,,,,,,,,,,,,,,,,,,,,,-5,,,,,-15,,,,,,,,,,,,,,,,,30,
building_gold_mine,pmg_explosives_building_gold_mine,pm_no_explosives,upgrade,construction_cost_medium,,,,,,,,,,,,,,,,,,,,,,,,,,,,,,,,,,,,,,,,,,,,,,,,,,,,,
building_gold_mine,pmg_explosives_building_gold_mine,pm_nitroglycerin_building_gold_mine,upgrade,construction_cost_medium,,,,,,,,,,,,,,,,,,,,,,,,,,,,,,,,,,,,-5,,,,,,,,,,,,,,,,5,
building_gold_mine,pmg_explosives_building_gold_mine,pm_dynamite_building_gold_mine,upgrade,construction_cost_medium,,,,,,,,,,,,,,,,,,,,,,,,,,,,,,,,,,,,-10,,,,,,,,,,,,,,,,10,
building_coffee_plantation,pmg_base_building_coffee_plantation,coffee_plantation_dry_process,upgrade,construction_cost_low,,,,,,,,,,,,,,,,,,,,,,,,,,,,,,,,,,,,,,,,,,,20,,,,,,,,,,
building_coffee_plantation,pmg_base_building_coffee_plantation,coffee_plantation_wet_process_manual,upgrade,construction_cost_low,,,,,,,,,,,,,,,,,,,,,,,,,,,,,,,,,,,-5,,,,,,,,25,,,,,,,,,,
building_coffee_plantation,pmg_base_building_coffee_plantation,coffee_plantation_wet_process_mechanical,upgrade,construction_cost_low,,,,,,,,,,,,,,,,,,,,,,,,,,,,,,,-3,,,,-5,,,,,,,,35,,,,,,,,,,
building_coffee_plantation,pmg_drying_coffee_plantation,coffee_plantation_patio_drying,upgrade,construction_cost_low,,,,,,,,,,,,,,,,,,,,,,,,,,,,,,,,,,,,,,,,,,,5,,,,,,,,,,
building_coffee_plantation,pmg_drying_coffee_plantation,coffee_plantation_mechanical_drying,upgrade,construction_cost_low,,,,,,,,,,,,,,,,,,,,,,,,,,,,,,,-2,,,,-3,,,,,,,,15,,,,,,,,,,
building_cotton_plantation,pmg_base_building_cotton_plantation,default_building_cotton_plantation,upgrade,construction_cost_low,,,,,,,,,,45,,,,,,,,,,,,,,,,,,,,,,,,,,,,,,,,,,,,,,,,,,,
building_cotton_plantation,pmg_base_building_cotton_plantation,automatic_irrigation_building_cotton_plantation,upgrade,construction_cost_low,,,,,,,,,,80,,,,,,,,,,,,,,,,,,,,,-5,,,,,,,,,,,,,,,,,,,,,,
building_dye_plantation,pmg_base_building_dye_plantation,default_building_dye_plantation,upgrade,construction_cost_low,,,,,,,,,,,,,,,,,,,,,,,30,,,,,,,,,,,,,,,,,,,,,,,,,,,,,,
building_dye_plantation,pmg_base_building_dye_plantation,automatic_irrigation_building_dye_plantation,upgrade,construction_cost_low,,,,,,,,,,,,,,,,,,,,,,,45,,,,,,,,-5,,,,,,,,,,,,,,,,,,,,,,
building_opium_plantation,pmg_base_building_opium_plantation,default_building_opium_plantation,upgrade,construction_cost_low,,,,,,,,,,,,,,,,,,,,,,,,,,,,,,,,,,,,,,,,,,,,,,20,,,,,,,
building_opium_plantation,pmg_base_building_opium_plantation,automatic_irrigation_building_opium_plantation,upgrade,construction_cost_low,,,,,,,,,,,,,,,,,,,,,,,,,,,,,,,-5,,,,,,,,,,,,,,,40,,,,,,,
building_tea_plantation,pmg_base_building_tea_plantation,default_building_tea_plantation,upgrade,construction_cost_low,,,,,,,,,,,,,,,,,,,,,,,,,,,,,,,,,,,,,,,,,,20,,,,,,,,,,,
building_tea_plantation,pmg_base_building_tea_plantation,automatic_irrigation_building_tea_plantation,upgrade,construction_cost_low,,,,,,,,,,,,,,,,,,,,,,,,,,,,,,,-4,,,,,,,,,,,35,,,,,,,,,,,
building_tobacco_plantation,pmg_base_building_tobacco_plantation,default_building_tobacco_plantation,upgrade,construction_cost_low,,,,,,,,,,,,,,,,,,,,,,,,,,,,,,,,,,,,,,,,,,,,,30,,,,,,,,
building_tobacco_plantation,pmg_base_building_tobacco_plantation,automatic_irrigation_building_tobacco_plantation,upgrade,construction_cost_low,,,,,,,,,,,,,,,,,,,,,,,,,,,,,,,-5,,,,,,,,,,,,,,45,,,,,,,,
building_tobacco_plantation,pmg_manufacture_tobacco,hand_rolled,upgrade,construction_cost_low,,,,,,,,,,,,,,,,,,,,,,,,,,,,,,,,,,,,,,,,,,,,,,,,,,,,,
building_tobacco_plantation,pmg_manufacture_tobacco,molds,upgrade,construction_cost_low,,,,,,,,,,,,,,,,,,,,,,,,,,-1,,,,,,,,,,,,,,,,,,,5,,,,,,,,
building_tobacco_plantation,pmg_manufacture_tobacco,electric_rollers,upgrade,construction_cost_low,,,,,,,,,,,,,,,,,,-2,,,,,,,,-2,,,,,,,,,,,,,,,,,,,20,,,,,,,,
building_sugar_plantation,pmg_base_building_sugar_plantation,default_building_sugar_plantation,upgrade,construction_cost_low,,,,,,,,,,,,,,,,,,,,,,,,,,,,,,,,,,,,,,,,,,,,25,,,,,,,,,
building_sugar_plantation,pmg_base_building_sugar_plantation,automatic_irrigation_building_sugar_plantation,upgrade,construction_cost_low,,,,,,,,,,,,,,,,,,,,,,,,,,,,,,,-5,,,,,,,,,,,,,50,,,,,,,,,
building_sugar_plantation,pmg_refinement_building_sugar_plantation,ox_driven_rollers_sugar,upgrade,construction_cost_low,,,,,,,,,,,,,,,,,,,,,,,,,,,,,,,,,,,,,,,,,,,,,,,,,,,,,
building_sugar_plantation,pmg_refinement_building_sugar_plantation,vacuum_pan_sugar,upgrade,construction_cost_low,,,,,,,,,,,,,,,,,,,,,,,,,-1,,,,,,,,,,,,,,,,,,,5,,,,,,,,,
building_sugar_plantation,pmg_refinement_building_sugar_plantation,steam_powered_evaporation_sugar,upgrade,construction_cost_low,,,,,,,,,,,,,,,,,,,,,,,,,-2,,,,,,-1,,,,,,,,,,,,,15,,,,,,,,,
building_sugar_plantation,pmg_refinement_building_sugar_plantation,centrifugal_machine_sugar,upgrade,construction_cost_low,,,,,,,,,,,,,,,,,,,,,,,,,-4,,,,,,-1,,,,,,,,,,,,,30,,,,,,,,,
building_banana_plantation,pmg_base_building_banana_plantation,default_building_banana_plantation,upgrade,construction_cost_low,,,,,,,,,,,,,,,,,,,,,,,,,,,,,,,,,,,,,,,30,,,,,,,,,,,,,,
building_banana_plantation,pmg_base_building_banana_plantation,automatic_irrigation_building_banana_plantation,upgrade,construction_cost_low,,,,,,,,,,,,,,,,,,,,,,,,,,,,,,,-5,,,,,,,,40,,,,,,,,,,,,,,
building_silk_plantation,pmg_base_building_silk_plantation,default_building_silk_plantation,upgrade,construction_cost_low,,,,,,,,,,,,,,,,,,,,,,15,,,,,,,,,,,,,,,,,,,,,,,,,,,,,,,
building_silk_plantation,pmg_base_building_silk_plantation,automatic_irrigation_building_silk_plantation,upgrade,construction_cost_low,,,,,,,,,,,,,,,,,,,,,,40,,,,,,,,,-5,,,,,,,,,,,,,,,,,,,,,,
building_art_academy,pmg_base_building_art_academy,pm_traditional_art,upgrade,construction_cost_medium,,,,,,,,,,,,,,,-10,,,,,,,,,,,,,,,,,,,,,,,,,,,,,,,,,,,,,,5
building_art_academy,pmg_base_building_art_academy,pm_realist_art,upgrade,construction_cost_medium,,,,,,,,,,,,,,,-15,,,,,,,,,,,,,,,,,,,,,,,,,,,,,,,,,,,,,,6
building_art_academy,pmg_base_building_art_academy,pm_photographic_art,upgrade,construction_cost_medium,,,,,,,,,,,,,,,-15,,,,,,,,,,,,,,,,,,,,-8,,,,,,,,,,,,,,,,,,8
building_art_academy,pmg_base_building_art_academy,pm_film_art,upgrade,construction_cost_medium,,,,,,,,,,,,,,,-15,,,-5,,,,,,,,,,,,,,,,,-10,,,,,,,,,,,,,,,,,,10
building_logging_camp,pmg_base_building_logging_camp,pm_simple_forestry,upgrade,construction_cost_low,,,,,,,,,,,30,,,,,,,,,,,,,,,,,,,,,,,,,,,,,,,,,,,,,,,,,,
building_logging_camp,pmg_base_building_logging_camp,pm_saw_mills,upgrade,construction_cost_low,,,,,,,,,,,60,,,,,,,,,,,,,,,,,,,,,,,,-5,,,,,,,,,,,,,,,,,,
building_logging_camp,pmg_base_building_logging_camp,pm_electric_saw_mills,upgrade,construction_cost_low,,,,,,,,,,,100,,,,,,,-5,,,,,,,,,,,,,,,,,-10,,,,,,,,,,,,,,,,,,
building_logging_camp,pmg_hardwood,pm_no_hardwood,balance,construction_cost_low,,,,,,,,,,,,,,,,,,,,,,,,,,,,,,,,,,,,,,,,,,,,,,,,,,,,,
building_logging_camp,pmg_hardwood,pm_hardwood,balance,construction_cost_low,,,,,,,,,,,-25,,,,,,,,,,,,,,,,,10,,,,,,,,,,,,,,,,,,,,,,,,,
building_logging_camp,pmg_hardwood,pm_increased_hardwood,balance,construction_cost_low,,,,,,,,,,,-40,,,,,,,,,,,,,,,,,20,,,,,,,,,,,,,,,,,,,,,,,,,
building_rubber_plantation,pmg_base_building_rubber_plantation,default_building_rubber_plantation,upgrade,construction_cost_low,,,,,,,,,,,,,,,,,,,,,,,,,,,,,20,,,,,,,,,,,,,,,,,,,,,,,,
building_rubber_plantation,pmg_base_building_rubber_plantation,automatic_irrigation_building_rubber_plantation,upgrade,construction_cost_low,,,,,,,,,,,,,,,,,,,,,,,,,,,,,40,,-5,,,,,,,,,,,,,,,,,,,,,,
building_fishing_wharf,pmg_base_building_fishing_wharf,pm_simple_fishing,upgrade,construction_cost_low,,,,,,,,,25,,,,,,,,,,,,,,,,,,,,,,,,,,,,,,,,,,,,,,,,,,,,
building_fishing_wharf,pmg_base_building_fishing_wharf,pm_fishing_trawlers,upgrade,construction_cost_low,,,,,,,,,50,,,,,,,,,,,-5,,,,,,,,,,,,,,,,,,,,,,,,,,,,,,,,,
building_fishing_wharf,pmg_base_building_fishing_wharf,pm_steam_trawlers,upgrade,construction_cost_low,,,,,,,,,100,,,,,,,,,,,,-5,,,,-15,,,,,,,,,,,,,,,,,,,,,,,,,,,,
building_whaling_station,pmg_base_building_whaling_station,pm_simple_whaling,upgrade,construction_cost_low,,,,,,,,,,,,,,,,,,,,,,,,,,,,,,10,,,,,,,,5,,,,,,,,,,,,,,,
building_whaling_station,pmg_base_building_whaling_station,pm_wooden_whaling_ships,upgrade,construction_cost_low,,,,,,,,,,,,,,,,,,,,-5,,,,,,,,,,20,,,,,,,,10,,,,,,,,,,,,,,,
building_whaling_station,pmg_base_building_whaling_station,pm_steam_whaling_ships,upgrade,construction_cost_low,,,,,,,,,,,,,,,,,,,,,-5,,,,-20,,,,,40,,,,,,,,20,,,,,,,,,,,,,,,
building_oil_rig,pmg_base_building_oil_rig,pm_steam_derricks,upgrade,construction_cost_medium,,,,,,,,,,,,,,,,,,,,,,,,,-10,,,,,60,-5,,,,,,,,,,,,,,,,,,,,,,
building_oil_rig,pmg_base_building_oil_rig,pm_combustion_derricks,upgrade,construction_cost_medium,,,,,,,,,,,,,,,,,,,,,,,,,,,,,,100,-10,,,,,,,,,,,,,,,,,,,,,,
